table_name	show_create_table
audit_operations	CREATE TABLE `audit_operations` (\n  `id` bigint unsigned NOT NULL AUTO_INCREMENT,\n  `usuario_id` bigint unsigned DEFAULT NULL,\n  `accion` varchar(100) NOT NULL,\n  `entidad` varchar(100) NOT NULL,\n  `entidad_id` bigint unsigned DEFAULT NULL,\n  `valores_antes` json DEFAULT NULL,\n  `valores_despues` json DEFAULT NULL,\n  `motivo` varchar(500) DEFAULT NULL,\n  `created_at` datetime(6) NOT NULL DEFAULT CURRENT_TIMESTAMP(6),\n  PRIMARY KEY (`id`),\n  KEY `fk_audit_operations_user` (`usuario_id`),\n  KEY `ix_ao_entidad_created` (`entidad`,`entidad_id`,`created_at`),\n  CONSTRAINT `fk_audit_operations_user` FOREIGN KEY (`usuario_id`) REFERENCES `auth_users` (`id`) ON DELETE RESTRICT\n) ENGINE=InnoDB DEFAULT CHARSET=utf8mb4 COLLATE=utf8mb4_0900_ai_ci
audit_pii_access	CREATE TABLE `audit_pii_access` (\n  `id` bigint unsigned NOT NULL AUTO_INCREMENT,\n  `usuario_id` bigint unsigned NOT NULL,\n  `accion` enum('consulta','creacion','modificacion','exportacion') NOT NULL,\n  `paciente_id` bigint unsigned DEFAULT NULL,\n  `prescription_id` bigint unsigned DEFAULT NULL,\n  `motivo` varchar(500) DEFAULT NULL,\n  `created_at` datetime(6) NOT NULL DEFAULT CURRENT_TIMESTAMP(6),\n  PRIMARY KEY (`id`),\n  KEY `fk_audit_pii_user` (`usuario_id`),\n  KEY `ix_apii_paciente_created` (`paciente_id`,`created_at`),\n  KEY `ix_apii_prescription_created` (`prescription_id`,`created_at`),\n  CONSTRAINT `fk_audit_pii_paciente` FOREIGN KEY (`paciente_id`) REFERENCES `catalog_patients` (`id`) ON DELETE RESTRICT,\n  CONSTRAINT `fk_audit_pii_prescription` FOREIGN KEY (`prescription_id`) REFERENCES `rx_prescriptions` (`id`) ON DELETE RESTRICT,\n  CONSTRAINT `fk_audit_pii_user` FOREIGN KEY (`usuario_id`) REFERENCES `auth_users` (`id`) ON DELETE RESTRICT,\n  CONSTRAINT `chk_apii_objetivo` CHECK (((`paciente_id` is not null) or (`prescription_id` is not null)))\n) ENGINE=InnoDB DEFAULT CHARSET=utf8mb4 COLLATE=utf8mb4_0900_ai_ci
auth_permissions	CREATE TABLE `auth_permissions` (\n  `id` bigint unsigned NOT NULL AUTO_INCREMENT,\n  `clave` varchar(100) NOT NULL,\n  `descripcion` varchar(255) DEFAULT NULL,\n  PRIMARY KEY (`id`),\n  UNIQUE KEY `uq_auth_permissions_clave` (`clave`)\n) ENGINE=InnoDB DEFAULT CHARSET=utf8mb4 COLLATE=utf8mb4_0900_ai_ci
auth_role_permissions	CREATE TABLE `auth_role_permissions` (\n  `role_id` bigint unsigned NOT NULL,\n  `permission_id` bigint unsigned NOT NULL,\n  PRIMARY KEY (`role_id`,`permission_id`),\n  KEY `fk_arp_permission` (`permission_id`),\n  CONSTRAINT `fk_arp_permission` FOREIGN KEY (`permission_id`) REFERENCES `auth_permissions` (`id`) ON DELETE CASCADE,\n  CONSTRAINT `fk_arp_role` FOREIGN KEY (`role_id`) REFERENCES `auth_roles` (`id`) ON DELETE CASCADE\n) ENGINE=InnoDB DEFAULT CHARSET=utf8mb4 COLLATE=utf8mb4_0900_ai_ci
auth_roles	CREATE TABLE `auth_roles` (\n  `id` bigint unsigned NOT NULL AUTO_INCREMENT,\n  `nombre` varchar(100) NOT NULL,\n  `descripcion` varchar(255) DEFAULT NULL,\n  PRIMARY KEY (`id`),\n  UNIQUE KEY `uq_auth_roles_nombre` (`nombre`)\n) ENGINE=InnoDB AUTO_INCREMENT=6 DEFAULT CHARSET=utf8mb4 COLLATE=utf8mb4_0900_ai_ci
auth_user_roles	CREATE TABLE `auth_user_roles` (\n  `user_id` bigint unsigned NOT NULL,\n  `role_id` bigint unsigned NOT NULL,\n  PRIMARY KEY (`user_id`,`role_id`),\n  KEY `fk_aur_role` (`role_id`),\n  CONSTRAINT `fk_aur_role` FOREIGN KEY (`role_id`) REFERENCES `auth_roles` (`id`) ON DELETE CASCADE,\n  CONSTRAINT `fk_aur_user` FOREIGN KEY (`user_id`) REFERENCES `auth_users` (`id`) ON DELETE CASCADE\n) ENGINE=InnoDB DEFAULT CHARSET=utf8mb4 COLLATE=utf8mb4_0900_ai_ci
auth_users	CREATE TABLE `auth_users` (\n  `id` bigint unsigned NOT NULL AUTO_INCREMENT,\n  `usuario` varchar(100) NOT NULL,\n  `password_hash` varchar(255) NOT NULL,\n  `estado` enum('activo','bloqueado','inactivo') NOT NULL DEFAULT 'activo',\n  `mfa_habilitado` tinyint(1) NOT NULL DEFAULT '0',\n  `ultimo_acceso_at` datetime(6) DEFAULT NULL,\n  `created_at` datetime(6) NOT NULL DEFAULT CURRENT_TIMESTAMP(6),\n  PRIMARY KEY (`id`),\n  UNIQUE KEY `uq_auth_users_usuario` (`usuario`)\n) ENGINE=InnoDB DEFAULT CHARSET=utf8mb4 COLLATE=utf8mb4_0900_ai_ci
catalog_categories	CREATE TABLE `catalog_categories` (\n  `id` bigint unsigned NOT NULL AUTO_INCREMENT,\n  `nombre` varchar(150) NOT NULL,\n  `parent_id` bigint unsigned DEFAULT NULL,\n  `parent_id_key` bigint unsigned GENERATED ALWAYS AS (ifnull(`parent_id`,0)) STORED,\n  PRIMARY KEY (`id`),\n  UNIQUE KEY `uq_catalog_categories_nombre_parent` (`nombre`,`parent_id_key`),\n  KEY `fk_catalog_categories_parent` (`parent_id`),\n  CONSTRAINT `fk_catalog_categories_parent` FOREIGN KEY (`parent_id`) REFERENCES `catalog_categories` (`id`) ON DELETE RESTRICT\n) ENGINE=InnoDB DEFAULT CHARSET=utf8mb4 COLLATE=utf8mb4_0900_ai_ci
catalog_patients	CREATE TABLE `catalog_patients` (\n  `id` bigint unsigned NOT NULL AUTO_INCREMENT,\n  `identificacion` varchar(30) NOT NULL,\n  `nombre` varchar(200) NOT NULL,\n  `fecha_nacimiento` date DEFAULT NULL,\n  `contacto` varchar(255) DEFAULT NULL,\n  `estado` enum('activo','anonimizado') NOT NULL DEFAULT 'activo',\n  `created_at` datetime(6) NOT NULL DEFAULT CURRENT_TIMESTAMP(6),\n  `anonimizado_at` datetime(6) DEFAULT NULL,\n  PRIMARY KEY (`id`),\n  UNIQUE KEY `uq_catalog_patients_identificacion` (`identificacion`)\n) ENGINE=InnoDB DEFAULT CHARSET=utf8mb4 COLLATE=utf8mb4_0900_ai_ci
catalog_prescribers	CREATE TABLE `catalog_prescribers` (\n  `id` bigint unsigned NOT NULL AUTO_INCREMENT,\n  `identificacion` varchar(30) NOT NULL,\n  `nombre` varchar(200) NOT NULL,\n  `especialidad` varchar(150) DEFAULT NULL,\n  `estado` enum('activo','inactivo','anonimizado') NOT NULL DEFAULT 'activo',\n  PRIMARY KEY (`id`),\n  UNIQUE KEY `uq_catalog_prescribers_identificacion` (`identificacion`)\n) ENGINE=InnoDB DEFAULT CHARSET=utf8mb4 COLLATE=utf8mb4_0900_ai_ci
catalog_prices	CREATE TABLE `catalog_prices` (\n  `id` bigint unsigned NOT NULL AUTO_INCREMENT,\n  `product_id` bigint unsigned NOT NULL,\n  `store_id` bigint unsigned DEFAULT NULL,\n  `store_id_key` bigint unsigned GENERATED ALWAYS AS (ifnull(`store_id`,0)) STORED,\n  `precio` decimal(12,2) NOT NULL,\n  `vigente_desde` date NOT NULL,\n  `vigente_hasta` date DEFAULT NULL,\n  PRIMARY KEY (`id`),\n  UNIQUE KEY `uq_catalog_prices` (`product_id`,`store_id_key`,`vigente_desde`),\n  KEY `fk_catalog_prices_store` (`store_id`),\n  CONSTRAINT `fk_catalog_prices_product` FOREIGN KEY (`product_id`) REFERENCES `catalog_products` (`id`) ON DELETE RESTRICT,\n  CONSTRAINT `fk_catalog_prices_store` FOREIGN KEY (`store_id`) REFERENCES `ops_stores` (`id`) ON DELETE RESTRICT,\n  CONSTRAINT `chk_catalog_prices_precio` CHECK ((`precio` >= 0))\n) ENGINE=InnoDB DEFAULT CHARSET=utf8mb4 COLLATE=utf8mb4_0900_ai_ci
catalog_product_categories	CREATE TABLE `catalog_product_categories` (\n  `product_id` bigint unsigned NOT NULL,\n  `category_id` bigint unsigned NOT NULL,\n  PRIMARY KEY (`product_id`,`category_id`),\n  KEY `fk_cpc_category` (`category_id`),\n  CONSTRAINT `fk_cpc_category` FOREIGN KEY (`category_id`) REFERENCES `catalog_categories` (`id`) ON DELETE CASCADE,\n  CONSTRAINT `fk_cpc_product` FOREIGN KEY (`product_id`) REFERENCES `catalog_products` (`id`) ON DELETE CASCADE\n) ENGINE=InnoDB DEFAULT CHARSET=utf8mb4 COLLATE=utf8mb4_0900_ai_ci
catalog_products	CREATE TABLE `catalog_products` (\n  `id` bigint unsigned NOT NULL AUTO_INCREMENT,\n  `sku` varchar(50) NOT NULL,\n  `nombre` varchar(255) NOT NULL,\n  `principio_activo` varchar(255) NOT NULL,\n  `presentacion` varchar(100) NOT NULL,\n  `concentracion` varchar(100) NOT NULL,\n  `condicion_venta` enum('libre','receta','controlado') NOT NULL,\n  `estado` enum('activo','inactivo') NOT NULL DEFAULT 'activo',\n  `created_at` datetime(6) NOT NULL DEFAULT CURRENT_TIMESTAMP(6),\n  PRIMARY KEY (`id`),\n  UNIQUE KEY `uq_catalog_products_sku` (`sku`)\n) ENGINE=InnoDB DEFAULT CHARSET=utf8mb4 COLLATE=utf8mb4_0900_ai_ci
catalog_promotions	CREATE TABLE `catalog_promotions` (\n  `id` bigint unsigned NOT NULL AUTO_INCREMENT,\n  `product_id` bigint unsigned DEFAULT NULL,\n  `category_id` bigint unsigned DEFAULT NULL,\n  `descuento_pct` decimal(5,2) NOT NULL,\n  `desde` date NOT NULL,\n  `hasta` date NOT NULL,\n  PRIMARY KEY (`id`),\n  KEY `fk_catalog_promotions_product` (`product_id`),\n  KEY `fk_catalog_promotions_category` (`category_id`),\n  CONSTRAINT `fk_catalog_promotions_category` FOREIGN KEY (`category_id`) REFERENCES `catalog_categories` (`id`) ON DELETE RESTRICT,\n  CONSTRAINT `fk_catalog_promotions_product` FOREIGN KEY (`product_id`) REFERENCES `catalog_products` (`id`) ON DELETE RESTRICT,\n  CONSTRAINT `chk_catalog_promotions_alcance` CHECK (((`product_id` is not null) or (`category_id` is not null))),\n  CONSTRAINT `chk_catalog_promotions_pct` CHECK (((`descuento_pct` > 0) and (`descuento_pct` <= 100))),\n  CONSTRAINT `chk_catalog_promotions_rango` CHECK ((`hasta` >= `desde`))\n) ENGINE=InnoDB DEFAULT CHARSET=utf8mb4 COLLATE=utf8mb4_0900_ai_ci
catalog_suppliers	CREATE TABLE `catalog_suppliers` (\n  `id` bigint unsigned NOT NULL AUTO_INCREMENT,\n  `identificacion` varchar(30) NOT NULL,\n  `nombre` varchar(200) NOT NULL,\n  `contacto` varchar(255) DEFAULT NULL,\n  `estado` enum('activo','inactivo') NOT NULL DEFAULT 'activo',\n  PRIMARY KEY (`id`),\n  UNIQUE KEY `uq_catalog_suppliers_identificacion` (`identificacion`)\n) ENGINE=InnoDB DEFAULT CHARSET=utf8mb4 COLLATE=utf8mb4_0900_ai_ci
ctrl_balances	CREATE TABLE `ctrl_balances` (\n  `store_id` bigint unsigned NOT NULL,\n  `product_id` bigint unsigned NOT NULL,\n  `saldo` int NOT NULL,\n  `version` bigint NOT NULL DEFAULT '0',\n  `updated_at` datetime(6) NOT NULL DEFAULT CURRENT_TIMESTAMP(6) ON UPDATE CURRENT_TIMESTAMP(6),\n  PRIMARY KEY (`store_id`,`product_id`),\n  KEY `fk_ctrl_balances_product` (`product_id`),\n  CONSTRAINT `fk_ctrl_balances_product` FOREIGN KEY (`product_id`) REFERENCES `catalog_products` (`id`) ON DELETE RESTRICT,\n  CONSTRAINT `fk_ctrl_balances_store` FOREIGN KEY (`store_id`) REFERENCES `ops_stores` (`id`) ON DELETE RESTRICT,\n  CONSTRAINT `chk_ctrl_balances_saldo` CHECK ((`saldo` >= 0))\n) ENGINE=InnoDB DEFAULT CHARSET=utf8mb4 COLLATE=utf8mb4_0900_ai_ci
ctrl_ledger_entries	CREATE TABLE `ctrl_ledger_entries` (\n  `id` bigint unsigned NOT NULL AUTO_INCREMENT,\n  `store_id` bigint unsigned NOT NULL,\n  `product_id` bigint unsigned NOT NULL,\n  `tipo` enum('entrada','salida','ajuste','devolucion','transferencia_out','transferencia_in') NOT NULL,\n  `cantidad` int NOT NULL,\n  `saldo_resultante` int NOT NULL,\n  `usuario_id` bigint unsigned NOT NULL,\n  `autorizador_id` bigint unsigned DEFAULT NULL,\n  `motivo` varchar(500) NOT NULL,\n  `ref_tipo` enum('venta','recepcion','transferencia','devolucion','ajuste') NOT NULL,\n  `ref_id` bigint unsigned NOT NULL,\n  `created_at` datetime(6) NOT NULL DEFAULT CURRENT_TIMESTAMP(6),\n  PRIMARY KEY (`id`),\n  KEY `fk_cle_product` (`product_id`),\n  KEY `fk_cle_usuario` (`usuario_id`),\n  KEY `fk_cle_autorizador` (`autorizador_id`),\n  KEY `ix_cle_store_product_created` (`store_id`,`product_id`,`created_at`),\n  KEY `ix_cle_ref` (`ref_tipo`,`ref_id`),\n  CONSTRAINT `fk_cle_autorizador` FOREIGN KEY (`autorizador_id`) REFERENCES `auth_users` (`id`) ON DELETE RESTRICT,\n  CONSTRAINT `fk_cle_product` FOREIGN KEY (`product_id`) REFERENCES `catalog_products` (`id`) ON DELETE RESTRICT,\n  CONSTRAINT `fk_cle_store` FOREIGN KEY (`store_id`) REFERENCES `ops_stores` (`id`) ON DELETE RESTRICT,\n  CONSTRAINT `fk_cle_usuario` FOREIGN KEY (`usuario_id`) REFERENCES `auth_users` (`id`) ON DELETE RESTRICT,\n  CONSTRAINT `chk_cle_ajuste_autorizado` CHECK (((`tipo` <> _utf8mb4'ajuste') or (`autorizador_id` is not null))),\n  CONSTRAINT `chk_cle_cantidad` CHECK ((`cantidad` > 0)),\n  CONSTRAINT `chk_cle_doble_autorizacion` CHECK (((`autorizador_id` is null) or (`autorizador_id` <> `usuario_id`))),\n  CONSTRAINT `chk_cle_saldo` CHECK ((`saldo_resultante` >= 0))\n) ENGINE=InnoDB DEFAULT CHARSET=utf8mb4 COLLATE=utf8mb4_0900_ai_ci
idempotency_keys	CREATE TABLE `idempotency_keys` (\n  `id` bigint unsigned NOT NULL AUTO_INCREMENT,\n  `idempotency_key` varchar(255) NOT NULL,\n  `operacion` varchar(100) NOT NULL,\n  `request_hash` char(64) NOT NULL,\n  `respuesta_ref` varchar(255) DEFAULT NULL,\n  `estado` enum('en_proceso','completado') NOT NULL,\n  `created_at` datetime(6) NOT NULL DEFAULT CURRENT_TIMESTAMP(6),\n  `expires_at` datetime(6) NOT NULL,\n  PRIMARY KEY (`id`),\n  UNIQUE KEY `uq_idempotency_keys_key` (`idempotency_key`),\n  KEY `ix_ik_expires` (`expires_at`)\n) ENGINE=InnoDB DEFAULT CHARSET=utf8mb4 COLLATE=utf8mb4_0900_ai_ci
inventory_alerts	CREATE TABLE `inventory_alerts` (\n  `id` bigint unsigned NOT NULL AUTO_INCREMENT,\n  `tipo` enum('stock_minimo','vencimiento') NOT NULL,\n  `product_id` bigint unsigned NOT NULL,\n  `store_id` bigint unsigned DEFAULT NULL,\n  `store_id_key` bigint unsigned GENERATED ALWAYS AS (ifnull(`store_id`,0)) STORED,\n  `fecha_generada` datetime(6) NOT NULL,\n  `estado` enum('abierta','resuelta') NOT NULL DEFAULT 'abierta',\n  `resuelta_por` bigint unsigned DEFAULT NULL,\n  `resuelta_at` datetime(6) DEFAULT NULL,\n  PRIMARY KEY (`id`),\n  UNIQUE KEY `uq_inventory_alerts` (`tipo`,`product_id`,`store_id_key`,`fecha_generada`),\n  KEY `fk_inventory_alerts_product` (`product_id`),\n  KEY `fk_inventory_alerts_store` (`store_id`),\n  KEY `fk_inventory_alerts_resuelta` (`resuelta_por`),\n  KEY `ix_ia_tipo_estado_fecha` (`tipo`,`estado`,`fecha_generada`),\n  CONSTRAINT `fk_inventory_alerts_product` FOREIGN KEY (`product_id`) REFERENCES `catalog_products` (`id`) ON DELETE RESTRICT,\n  CONSTRAINT `fk_inventory_alerts_resuelta` FOREIGN KEY (`resuelta_por`) REFERENCES `auth_users` (`id`) ON DELETE RESTRICT,\n  CONSTRAINT `fk_inventory_alerts_store` FOREIGN KEY (`store_id`) REFERENCES `ops_stores` (`id`) ON DELETE RESTRICT\n) ENGINE=InnoDB DEFAULT CHARSET=utf8mb4 COLLATE=utf8mb4_0900_ai_ci
inventory_incidents	CREATE TABLE `inventory_incidents` (\n  `id` bigint unsigned NOT NULL AUTO_INCREMENT,\n  `store_id` bigint unsigned NOT NULL,\n  `lot_id` bigint unsigned NOT NULL,\n  `stock_registrado` int NOT NULL,\n  `consumo_declarado` int NOT NULL,\n  `estado` enum('abierto','ajustado','descartado') NOT NULL DEFAULT 'abierto',\n  `abierto_por` bigint unsigned NOT NULL,\n  `created_at` datetime(6) NOT NULL DEFAULT CURRENT_TIMESTAMP(6),\n  `movimiento_ajuste_id` bigint unsigned DEFAULT NULL,\n  PRIMARY KEY (`id`),\n  KEY `fk_inventory_incidents_lot` (`lot_id`),\n  KEY `fk_inventory_incidents_user` (`abierto_por`),\n  KEY `fk_inventory_incidents_mov` (`movimiento_ajuste_id`),\n  KEY `ix_ii_store_estado` (`store_id`,`estado`),\n  CONSTRAINT `fk_inventory_incidents_lot` FOREIGN KEY (`lot_id`) REFERENCES `inventory_lots` (`id`) ON DELETE RESTRICT,\n  CONSTRAINT `fk_inventory_incidents_mov` FOREIGN KEY (`movimiento_ajuste_id`) REFERENCES `inventory_movements` (`id`) ON DELETE RESTRICT,\n  CONSTRAINT `fk_inventory_incidents_store` FOREIGN KEY (`store_id`) REFERENCES `ops_stores` (`id`) ON DELETE RESTRICT,\n  CONSTRAINT `fk_inventory_incidents_user` FOREIGN KEY (`abierto_por`) REFERENCES `auth_users` (`id`) ON DELETE RESTRICT\n) ENGINE=InnoDB DEFAULT CHARSET=utf8mb4 COLLATE=utf8mb4_0900_ai_ci
inventory_lots	CREATE TABLE `inventory_lots` (\n  `id` bigint unsigned NOT NULL AUTO_INCREMENT,\n  `product_id` bigint unsigned NOT NULL,\n  `numero_lote` varchar(50) NOT NULL,\n  `fecha_vencimiento` date NOT NULL,\n  `estado` enum('cuarentena','liberado','retirado') NOT NULL DEFAULT 'cuarentena',\n  `reception_item_id` bigint unsigned NOT NULL,\n  `liberado_por` bigint unsigned DEFAULT NULL,\n  `liberado_at` datetime(6) DEFAULT NULL,\n  `motivo_liberacion` varchar(500) DEFAULT NULL,\n  `created_at` datetime(6) NOT NULL DEFAULT CURRENT_TIMESTAMP(6),\n  `retirado_at` datetime(6) DEFAULT NULL,\n  PRIMARY KEY (`id`),\n  UNIQUE KEY `uq_inventory_lots_producto_lote` (`product_id`,`numero_lote`),\n  UNIQUE KEY `uq_inventory_lots_reception` (`reception_item_id`),\n  KEY `fk_inventory_lots_liberado_por` (`liberado_por`),\n  KEY `ix_inventory_lots_fefo` (`product_id`,`estado`,`fecha_vencimiento`),\n  CONSTRAINT `fk_inventory_lots_liberado_por` FOREIGN KEY (`liberado_por`) REFERENCES `auth_users` (`id`) ON DELETE RESTRICT,\n  CONSTRAINT `fk_inventory_lots_product` FOREIGN KEY (`product_id`) REFERENCES `catalog_products` (`id`) ON DELETE RESTRICT,\n  CONSTRAINT `fk_inventory_lots_reception` FOREIGN KEY (`reception_item_id`) REFERENCES `purchase_reception_items` (`id`) ON DELETE RESTRICT,\n  CONSTRAINT `chk_inventory_lots_liberacion` CHECK (((`estado` <> _utf8mb4'liberado') or ((`liberado_por` is not null) and (`liberado_at` is not null) and (`motivo_liberacion` is not null))))\n) ENGINE=InnoDB DEFAULT CHARSET=utf8mb4 COLLATE=utf8mb4_0900_ai_ci
inventory_movements	CREATE TABLE `inventory_movements` (\n  `id` bigint unsigned NOT NULL AUTO_INCREMENT,\n  `store_id` bigint unsigned NOT NULL,\n  `lot_id` bigint unsigned NOT NULL,\n  `product_id` bigint unsigned NOT NULL,\n  `tipo` enum('entrada','salida','ajuste_baja','ajuste_incremento','devolucion','transferencia_salida','transferencia_entrada','compensatorio') NOT NULL,\n  `cantidad` int NOT NULL,\n  `signo` smallint NOT NULL,\n  `usuario_id` bigint unsigned NOT NULL,\n  `motivo` varchar(500) NOT NULL,\n  `proponente_id` bigint unsigned DEFAULT NULL,\n  `autorizador_id` bigint unsigned DEFAULT NULL,\n  `ref_tipo` enum('venta','recepcion','transferencia','devolucion','incidente','manual') DEFAULT NULL,\n  `ref_id` bigint unsigned DEFAULT NULL,\n  `movimiento_ref_id` bigint unsigned DEFAULT NULL,\n  `idempotency_key` varchar(255) DEFAULT NULL,\n  `created_at` datetime(6) NOT NULL DEFAULT CURRENT_TIMESTAMP(6),\n  PRIMARY KEY (`id`),\n  UNIQUE KEY `uq_im_idem` (`idempotency_key`),\n  KEY `fk_im_product` (`product_id`),\n  KEY `fk_im_usuario` (`usuario_id`),\n  KEY `fk_im_proponente` (`proponente_id`),\n  KEY `fk_im_autorizador` (`autorizador_id`),\n  KEY `fk_im_ref` (`movimiento_ref_id`),\n  KEY `ix_im_lot_created` (`lot_id`,`created_at`),\n  KEY `ix_im_store_created` (`store_id`,`created_at`),\n  KEY `ix_im_ref` (`ref_tipo`,`ref_id`),\n  CONSTRAINT `fk_im_autorizador` FOREIGN KEY (`autorizador_id`) REFERENCES `auth_users` (`id`) ON DELETE RESTRICT,\n  CONSTRAINT `fk_im_lot` FOREIGN KEY (`lot_id`) REFERENCES `inventory_lots` (`id`) ON DELETE RESTRICT,\n  CONSTRAINT `fk_im_product` FOREIGN KEY (`product_id`) REFERENCES `catalog_products` (`id`) ON DELETE RESTRICT,\n  CONSTRAINT `fk_im_proponente` FOREIGN KEY (`proponente_id`) REFERENCES `auth_users` (`id`) ON DELETE RESTRICT,\n  CONSTRAINT `fk_im_ref` FOREIGN KEY (`movimiento_ref_id`) REFERENCES `inventory_movements` (`id`) ON DELETE RESTRICT,\n  CONSTRAINT `fk_im_store` FOREIGN KEY (`store_id`) REFERENCES `ops_stores` (`id`) ON DELETE RESTRICT,\n  CONSTRAINT `fk_im_usuario` FOREIGN KEY (`usuario_id`) REFERENCES `auth_users` (`id`) ON DELETE RESTRICT,\n  CONSTRAINT `chk_im_cantidad` CHECK ((`cantidad` > 0)),\n  CONSTRAINT `chk_im_doble_autorizacion` CHECK (((`autorizador_id` is null) or (`proponente_id` is null) or (`autorizador_id` <> `proponente_id`))),\n  CONSTRAINT `chk_im_ref` CHECK (((`ref_tipo` is not null) or (`tipo` in (_utf8mb4'ajuste_incremento',_utf8mb4'ajuste_baja')))),\n  CONSTRAINT `chk_im_signo` CHECK ((`signo` in (-(1),1)))\n) ENGINE=InnoDB DEFAULT CHARSET=utf8mb4 COLLATE=utf8mb4_0900_ai_ci
inventory_reservations	CREATE TABLE `inventory_reservations` (\n  `id` bigint unsigned NOT NULL AUTO_INCREMENT,\n  `order_id` bigint unsigned DEFAULT NULL,\n  `product_id` bigint unsigned NOT NULL,\n  `store_id` bigint unsigned NOT NULL,\n  `qty` int NOT NULL,\n  `status` enum('pending','confirmed','expired','cancelled') NOT NULL DEFAULT 'pending',\n  `expires_at` datetime(6) NOT NULL,\n  `created_at` datetime(6) NOT NULL DEFAULT CURRENT_TIMESTAMP(6),\n  PRIMARY KEY (`id`),\n  KEY `fk_ir_order` (`order_id`),\n  KEY `fk_ir_product` (`product_id`),\n  KEY `ix_ir_store_product_status_expires` (`store_id`,`product_id`,`status`,`expires_at`),\n  CONSTRAINT `fk_ir_order` FOREIGN KEY (`order_id`) REFERENCES `sales_orders` (`id`) ON DELETE RESTRICT,\n  CONSTRAINT `fk_ir_product` FOREIGN KEY (`product_id`) REFERENCES `catalog_products` (`id`) ON DELETE RESTRICT,\n  CONSTRAINT `fk_ir_store` FOREIGN KEY (`store_id`) REFERENCES `ops_stores` (`id`) ON DELETE RESTRICT,\n  CONSTRAINT `chk_ir_qty` CHECK ((`qty` > 0))\n) ENGINE=InnoDB DEFAULT CHARSET=utf8mb4 COLLATE=utf8mb4_0900_ai_ci
inventory_stock	CREATE TABLE `inventory_stock` (\n  `store_id` bigint unsigned NOT NULL,\n  `lot_id` bigint unsigned NOT NULL,\n  `stock_available` int NOT NULL DEFAULT '0',\n  `stock_reserved` int NOT NULL DEFAULT '0',\n  `stock_sold` int NOT NULL DEFAULT '0',\n  `version` bigint NOT NULL DEFAULT '0',\n  `updated_at` datetime(6) NOT NULL DEFAULT CURRENT_TIMESTAMP(6) ON UPDATE CURRENT_TIMESTAMP(6),\n  PRIMARY KEY (`store_id`,`lot_id`),\n  KEY `ix_inventory_stock_lot_store` (`lot_id`,`store_id`),\n  CONSTRAINT `fk_inventory_stock_lot` FOREIGN KEY (`lot_id`) REFERENCES `inventory_lots` (`id`) ON DELETE RESTRICT,\n  CONSTRAINT `fk_inventory_stock_store` FOREIGN KEY (`store_id`) REFERENCES `ops_stores` (`id`) ON DELETE RESTRICT,\n  CONSTRAINT `chk_inventory_stock_available` CHECK ((`stock_available` >= 0)),\n  CONSTRAINT `chk_inventory_stock_reserved` CHECK ((`stock_reserved` >= 0)),\n  CONSTRAINT `chk_inventory_stock_sold` CHECK ((`stock_sold` >= 0))\n) ENGINE=InnoDB DEFAULT CHARSET=utf8mb4 COLLATE=utf8mb4_0900_ai_ci
inventory_transfer_items	CREATE TABLE `inventory_transfer_items` (\n  `id` bigint unsigned NOT NULL AUTO_INCREMENT,\n  `transfer_id` bigint unsigned NOT NULL,\n  `lot_id` bigint unsigned NOT NULL,\n  `cantidad_despachada` int DEFAULT NULL,\n  `cantidad_recibida` int DEFAULT NULL,\n  PRIMARY KEY (`id`),\n  UNIQUE KEY `uq_iti_transfer_lote` (`transfer_id`,`lot_id`),\n  KEY `fk_iti_lot` (`lot_id`),\n  CONSTRAINT `fk_iti_lot` FOREIGN KEY (`lot_id`) REFERENCES `inventory_lots` (`id`) ON DELETE RESTRICT,\n  CONSTRAINT `fk_iti_transfer` FOREIGN KEY (`transfer_id`) REFERENCES `inventory_transfers` (`id`) ON DELETE RESTRICT,\n  CONSTRAINT `chk_iti_despachada` CHECK (((`cantidad_despachada` is null) or (`cantidad_despachada` > 0))),\n  CONSTRAINT `chk_iti_recibida` CHECK (((`cantidad_recibida` is null) or (`cantidad_recibida` >= 0)))\n) ENGINE=InnoDB DEFAULT CHARSET=utf8mb4 COLLATE=utf8mb4_0900_ai_ci
inventory_transfers	CREATE TABLE `inventory_transfers` (\n  `id` bigint unsigned NOT NULL AUTO_INCREMENT,\n  `store_origen_id` bigint unsigned NOT NULL,\n  `store_destino_id` bigint unsigned NOT NULL,\n  `estado` enum('solicitada','despachada','recibida','cerrada','rechazada') NOT NULL DEFAULT 'solicitada',\n  `solicitado_por` bigint unsigned NOT NULL,\n  `despachado_por` bigint unsigned DEFAULT NULL,\n  `recibido_por` bigint unsigned DEFAULT NULL,\n  `created_at` datetime(6) NOT NULL DEFAULT CURRENT_TIMESTAMP(6),\n  `updated_at` datetime(6) NOT NULL DEFAULT CURRENT_TIMESTAMP(6) ON UPDATE CURRENT_TIMESTAMP(6),\n  `idempotency_key` varchar(255) DEFAULT NULL,\n  PRIMARY KEY (`id`),\n  UNIQUE KEY `uq_it_idem` (`idempotency_key`),\n  KEY `fk_it_solicitado` (`solicitado_por`),\n  KEY `fk_it_despachado` (`despachado_por`),\n  KEY `fk_it_recibido` (`recibido_por`),\n  KEY `ix_it_origen_estado` (`store_origen_id`,`estado`),\n  KEY `ix_it_destino_estado` (`store_destino_id`,`estado`),\n  CONSTRAINT `fk_it_despachado` FOREIGN KEY (`despachado_por`) REFERENCES `auth_users` (`id`) ON DELETE RESTRICT,\n  CONSTRAINT `fk_it_destino` FOREIGN KEY (`store_destino_id`) REFERENCES `ops_stores` (`id`) ON DELETE RESTRICT,\n  CONSTRAINT `fk_it_origen` FOREIGN KEY (`store_origen_id`) REFERENCES `ops_stores` (`id`) ON DELETE RESTRICT,\n  CONSTRAINT `fk_it_recibido` FOREIGN KEY (`recibido_por`) REFERENCES `auth_users` (`id`) ON DELETE RESTRICT,\n  CONSTRAINT `fk_it_solicitado` FOREIGN KEY (`solicitado_por`) REFERENCES `auth_users` (`id`) ON DELETE RESTRICT,\n  CONSTRAINT `chk_it_distintas` CHECK ((`store_origen_id` <> `store_destino_id`))\n) ENGINE=InnoDB DEFAULT CHARSET=utf8mb4 COLLATE=utf8mb4_0900_ai_ci
ops_registers	CREATE TABLE `ops_registers` (\n  `id` bigint unsigned NOT NULL AUTO_INCREMENT,\n  `store_id` bigint unsigned NOT NULL,\n  `codigo` varchar(20) NOT NULL,\n  `estado` enum('activa','inactiva') NOT NULL DEFAULT 'activa',\n  PRIMARY KEY (`id`),\n  UNIQUE KEY `uq_ops_registers_store_codigo` (`store_id`,`codigo`),\n  CONSTRAINT `fk_ops_registers_store` FOREIGN KEY (`store_id`) REFERENCES `ops_stores` (`id`) ON DELETE RESTRICT\n) ENGINE=InnoDB DEFAULT CHARSET=utf8mb4 COLLATE=utf8mb4_0900_ai_ci
ops_stores	CREATE TABLE `ops_stores` (\n  `id` bigint unsigned NOT NULL AUTO_INCREMENT,\n  `codigo` varchar(20) NOT NULL,\n  `nombre` varchar(150) NOT NULL,\n  `estado` enum('activa','inactiva') NOT NULL DEFAULT 'activa',\n  `created_at` datetime(6) NOT NULL DEFAULT CURRENT_TIMESTAMP(6),\n  PRIMARY KEY (`id`),\n  UNIQUE KEY `uq_ops_stores_codigo` (`codigo`)\n) ENGINE=InnoDB DEFAULT CHARSET=utf8mb4 COLLATE=utf8mb4_0900_ai_ci
outbox_events	CREATE TABLE `outbox_events` (\n  `id` bigint unsigned NOT NULL AUTO_INCREMENT,\n  `agregado_tipo` varchar(50) NOT NULL,\n  `agregado_id` bigint unsigned NOT NULL,\n  `tipo_evento` varchar(100) NOT NULL,\n  `payload` json NOT NULL,\n  `estado` enum('pendiente','procesado','fallido') NOT NULL DEFAULT 'pendiente',\n  `created_at` datetime(6) NOT NULL DEFAULT CURRENT_TIMESTAMP(6),\n  `procesado_at` datetime(6) DEFAULT NULL,\n  `intentos` int NOT NULL DEFAULT '0',\n  PRIMARY KEY (`id`),\n  KEY `ix_oe_estado_created` (`estado`,`created_at`)\n) ENGINE=InnoDB DEFAULT CHARSET=utf8mb4 COLLATE=utf8mb4_0900_ai_ci
payments_transactions	CREATE TABLE `payments_transactions` (\n  `id` bigint unsigned NOT NULL AUTO_INCREMENT,\n  `order_id` bigint unsigned NOT NULL,\n  `medio` varchar(50) NOT NULL,\n  `proveedor` varchar(100) DEFAULT NULL,\n  `reference` varchar(255) DEFAULT NULL,\n  `amount` decimal(12,2) NOT NULL,\n  `status` enum('pendiente','aprobado','rechazado','reembolsado') NOT NULL,\n  `idempotency_key` varchar(255) DEFAULT NULL,\n  `created_at` datetime(6) NOT NULL DEFAULT CURRENT_TIMESTAMP(6),\n  `actualizado_at` datetime(6) NOT NULL DEFAULT CURRENT_TIMESTAMP(6) ON UPDATE CURRENT_TIMESTAMP(6),\n  PRIMARY KEY (`id`),\n  UNIQUE KEY `uq_pt_reference` (`reference`),\n  UNIQUE KEY `uq_pt_idem` (`idempotency_key`),\n  KEY `fk_pt_order` (`order_id`),\n  CONSTRAINT `fk_pt_order` FOREIGN KEY (`order_id`) REFERENCES `sales_orders` (`id`) ON DELETE RESTRICT,\n  CONSTRAINT `chk_pt_amount` CHECK ((`amount` > 0))\n) ENGINE=InnoDB DEFAULT CHARSET=utf8mb4 COLLATE=utf8mb4_0900_ai_ci
purchase_order_items	CREATE TABLE `purchase_order_items` (\n  `id` bigint unsigned NOT NULL AUTO_INCREMENT,\n  `order_id` bigint unsigned NOT NULL,\n  `product_id` bigint unsigned NOT NULL,\n  `cantidad_pedida` int NOT NULL,\n  `cantidad_recibida` int NOT NULL DEFAULT '0',\n  PRIMARY KEY (`id`),\n  KEY `fk_poi_order` (`order_id`),\n  KEY `fk_poi_product` (`product_id`),\n  CONSTRAINT `fk_poi_order` FOREIGN KEY (`order_id`) REFERENCES `purchase_orders` (`id`) ON DELETE RESTRICT,\n  CONSTRAINT `fk_poi_product` FOREIGN KEY (`product_id`) REFERENCES `catalog_products` (`id`) ON DELETE RESTRICT,\n  CONSTRAINT `chk_poi_pedida` CHECK ((`cantidad_pedida` > 0)),\n  CONSTRAINT `chk_poi_recibida` CHECK ((`cantidad_recibida` >= 0)),\n  CONSTRAINT `chk_poi_recibida_le_pedida` CHECK ((`cantidad_recibida` <= `cantidad_pedida`))\n) ENGINE=InnoDB DEFAULT CHARSET=utf8mb4 COLLATE=utf8mb4_0900_ai_ci
purchase_orders	CREATE TABLE `purchase_orders` (\n  `id` bigint unsigned NOT NULL AUTO_INCREMENT,\n  `numero` varchar(50) NOT NULL,\n  `supplier_id` bigint unsigned NOT NULL,\n  `estado` enum('borrador','emitida','recibida','cancelada') NOT NULL DEFAULT 'borrador',\n  `creado_por` bigint unsigned NOT NULL,\n  `created_at` datetime(6) NOT NULL DEFAULT CURRENT_TIMESTAMP(6),\n  `updated_at` datetime(6) NOT NULL DEFAULT CURRENT_TIMESTAMP(6) ON UPDATE CURRENT_TIMESTAMP(6),\n  PRIMARY KEY (`id`),\n  UNIQUE KEY `uq_purchase_orders_numero` (`numero`),\n  KEY `fk_purchase_orders_supplier` (`supplier_id`),\n  KEY `fk_purchase_orders_user` (`creado_por`),\n  CONSTRAINT `fk_purchase_orders_supplier` FOREIGN KEY (`supplier_id`) REFERENCES `catalog_suppliers` (`id`) ON DELETE RESTRICT,\n  CONSTRAINT `fk_purchase_orders_user` FOREIGN KEY (`creado_por`) REFERENCES `auth_users` (`id`) ON DELETE RESTRICT\n) ENGINE=InnoDB DEFAULT CHARSET=utf8mb4 COLLATE=utf8mb4_0900_ai_ci
purchase_reception_items	CREATE TABLE `purchase_reception_items` (\n  `id` bigint unsigned NOT NULL AUTO_INCREMENT,\n  `reception_id` bigint unsigned NOT NULL,\n  `product_id` bigint unsigned NOT NULL,\n  `numero_lote` varchar(50) NOT NULL,\n  `fecha_vencimiento` date NOT NULL,\n  `cantidad` int NOT NULL,\n  `lot_id` bigint unsigned DEFAULT NULL,\n  PRIMARY KEY (`id`),\n  KEY `fk_pri_reception` (`reception_id`),\n  KEY `fk_pri_product` (`product_id`),\n  KEY `fk_pri_lot` (`lot_id`),\n  CONSTRAINT `fk_pri_lot` FOREIGN KEY (`lot_id`) REFERENCES `inventory_lots` (`id`) ON DELETE RESTRICT,\n  CONSTRAINT `fk_pri_product` FOREIGN KEY (`product_id`) REFERENCES `catalog_products` (`id`) ON DELETE RESTRICT,\n  CONSTRAINT `fk_pri_reception` FOREIGN KEY (`reception_id`) REFERENCES `purchase_receptions` (`id`) ON DELETE RESTRICT,\n  CONSTRAINT `chk_pri_cantidad` CHECK ((`cantidad` > 0))\n) ENGINE=InnoDB DEFAULT CHARSET=utf8mb4 COLLATE=utf8mb4_0900_ai_ci
purchase_receptions	CREATE TABLE `purchase_receptions` (\n  `id` bigint unsigned NOT NULL AUTO_INCREMENT,\n  `order_id` bigint unsigned NOT NULL,\n  `estado` enum('recibida','confirmada','rechazada') NOT NULL DEFAULT 'recibida',\n  `recepcionado_por` bigint unsigned NOT NULL,\n  `confirmado_por` bigint unsigned DEFAULT NULL,\n  `created_at` datetime(6) NOT NULL DEFAULT CURRENT_TIMESTAMP(6),\n  `confirmado_at` datetime(6) DEFAULT NULL,\n  `idempotency_key` varchar(255) DEFAULT NULL,\n  PRIMARY KEY (`id`),\n  UNIQUE KEY `uq_purchase_receptions_idem` (`idempotency_key`),\n  KEY `fk_purchase_receptions_order` (`order_id`),\n  KEY `fk_purchase_receptions_recepcion` (`recepcionado_por`),\n  KEY `fk_purchase_receptions_confirmacion` (`confirmado_por`),\n  CONSTRAINT `fk_purchase_receptions_confirmacion` FOREIGN KEY (`confirmado_por`) REFERENCES `auth_users` (`id`) ON DELETE RESTRICT,\n  CONSTRAINT `fk_purchase_receptions_order` FOREIGN KEY (`order_id`) REFERENCES `purchase_orders` (`id`) ON DELETE RESTRICT,\n  CONSTRAINT `fk_purchase_receptions_recepcion` FOREIGN KEY (`recepcionado_por`) REFERENCES `auth_users` (`id`) ON DELETE RESTRICT\n) ENGINE=InnoDB DEFAULT CHARSET=utf8mb4 COLLATE=utf8mb4_0900_ai_ci
rx_prescription_items	CREATE TABLE `rx_prescription_items` (\n  `id` bigint unsigned NOT NULL AUTO_INCREMENT,\n  `prescription_id` bigint unsigned NOT NULL,\n  `product_id` bigint unsigned NOT NULL,\n  `cantidad_prescrita` int NOT NULL,\n  `cantidad_dispensada` int NOT NULL DEFAULT '0',\n  `version` bigint NOT NULL DEFAULT '0',\n  PRIMARY KEY (`id`),\n  KEY `fk_rxpi_prescription` (`prescription_id`),\n  KEY `fk_rxpi_product` (`product_id`),\n  CONSTRAINT `fk_rxpi_prescription` FOREIGN KEY (`prescription_id`) REFERENCES `rx_prescriptions` (`id`) ON DELETE RESTRICT,\n  CONSTRAINT `fk_rxpi_product` FOREIGN KEY (`product_id`) REFERENCES `catalog_products` (`id`) ON DELETE RESTRICT,\n  CONSTRAINT `chk_rxpi_prescrita` CHECK ((`cantidad_prescrita` > 0)),\n  CONSTRAINT `chk_rxpi_saldo` CHECK (((`cantidad_dispensada` >= 0) and (`cantidad_dispensada` <= `cantidad_prescrita`)))\n) ENGINE=InnoDB DEFAULT CHARSET=utf8mb4 COLLATE=utf8mb4_0900_ai_ci
rx_prescriptions	CREATE TABLE `rx_prescriptions` (\n  `id` bigint unsigned NOT NULL AUTO_INCREMENT,\n  `prescriber_id` bigint unsigned NOT NULL,\n  `patient_id` bigint unsigned NOT NULL,\n  `fecha` date NOT NULL,\n  `numero_referencia` varchar(100) DEFAULT NULL,\n  `created_at` datetime(6) NOT NULL DEFAULT CURRENT_TIMESTAMP(6),\n  PRIMARY KEY (`id`),\n  KEY `fk_rx_prescriptions_prescriber` (`prescriber_id`),\n  KEY `ix_rxp_patient_fecha` (`patient_id`,`fecha`),\n  CONSTRAINT `fk_rx_prescriptions_patient` FOREIGN KEY (`patient_id`) REFERENCES `catalog_patients` (`id`) ON DELETE RESTRICT,\n  CONSTRAINT `fk_rx_prescriptions_prescriber` FOREIGN KEY (`prescriber_id`) REFERENCES `catalog_prescribers` (`id`) ON DELETE RESTRICT\n) ENGINE=InnoDB DEFAULT CHARSET=utf8mb4 COLLATE=utf8mb4_0900_ai_ci
sales_order_items	CREATE TABLE `sales_order_items` (\n  `id` bigint unsigned NOT NULL AUTO_INCREMENT,\n  `order_id` bigint unsigned NOT NULL,\n  `lot_id` bigint unsigned NOT NULL,\n  `product_id` bigint unsigned NOT NULL,\n  `cantidad` int NOT NULL,\n  `precio_unitario` decimal(12,2) NOT NULL,\n  `subtotal` decimal(12,2) NOT NULL,\n  `rx_item_id` bigint unsigned DEFAULT NULL,\n  `rx_item_id_key` bigint unsigned GENERATED ALWAYS AS (ifnull(`rx_item_id`,0)) STORED,\n  PRIMARY KEY (`id`),\n  UNIQUE KEY `uq_soi_orden_lote_rx` (`order_id`,`lot_id`,`rx_item_id_key`),\n  KEY `fk_soi_lot` (`lot_id`),\n  KEY `fk_soi_product` (`product_id`),\n  KEY `fk_soi_rx_item` (`rx_item_id`),\n  CONSTRAINT `fk_soi_lot` FOREIGN KEY (`lot_id`) REFERENCES `inventory_lots` (`id`) ON DELETE RESTRICT,\n  CONSTRAINT `fk_soi_order` FOREIGN KEY (`order_id`) REFERENCES `sales_orders` (`id`) ON DELETE RESTRICT,\n  CONSTRAINT `fk_soi_product` FOREIGN KEY (`product_id`) REFERENCES `catalog_products` (`id`) ON DELETE RESTRICT,\n  CONSTRAINT `fk_soi_rx_item` FOREIGN KEY (`rx_item_id`) REFERENCES `rx_prescription_items` (`id`) ON DELETE RESTRICT,\n  CONSTRAINT `chk_soi_cantidad` CHECK ((`cantidad` > 0)),\n  CONSTRAINT `chk_soi_precio` CHECK ((`precio_unitario` >= 0)),\n  CONSTRAINT `chk_soi_subtotal` CHECK ((`subtotal` >= 0))\n) ENGINE=InnoDB DEFAULT CHARSET=utf8mb4 COLLATE=utf8mb4_0900_ai_ci
sales_orders	CREATE TABLE `sales_orders` (\n  `id` bigint unsigned NOT NULL AUTO_INCREMENT,\n  `numero` varchar(50) NOT NULL,\n  `channel` enum('pos') NOT NULL DEFAULT 'pos',\n  `store_id` bigint unsigned NOT NULL,\n  `register_id` bigint unsigned NOT NULL,\n  `paciente_id` bigint unsigned DEFAULT NULL,\n  `usuario_id` bigint unsigned NOT NULL,\n  `quimico_verificador_id` bigint unsigned DEFAULT NULL,\n  `estado` enum('pendiente','pagada','anulada','devuelta') NOT NULL DEFAULT 'pendiente',\n  `total` decimal(12,2) NOT NULL DEFAULT '0.00',\n  `idempotency_key` varchar(255) DEFAULT NULL,\n  `created_at` datetime(6) NOT NULL DEFAULT CURRENT_TIMESTAMP(6),\n  PRIMARY KEY (`id`),\n  UNIQUE KEY `uq_sales_orders_numero` (`numero`),\n  UNIQUE KEY `uq_sales_orders_idem` (`idempotency_key`),\n  KEY `fk_so_register` (`register_id`),\n  KEY `fk_so_usuario` (`usuario_id`),\n  KEY `fk_so_quimico` (`quimico_verificador_id`),\n  KEY `ix_so_store_created` (`store_id`,`created_at`),\n  KEY `ix_so_paciente_created` (`paciente_id`,`created_at`),\n  CONSTRAINT `fk_so_paciente` FOREIGN KEY (`paciente_id`) REFERENCES `catalog_patients` (`id`) ON DELETE RESTRICT,\n  CONSTRAINT `fk_so_quimico` FOREIGN KEY (`quimico_verificador_id`) REFERENCES `auth_users` (`id`) ON DELETE RESTRICT,\n  CONSTRAINT `fk_so_register` FOREIGN KEY (`register_id`) REFERENCES `ops_registers` (`id`) ON DELETE RESTRICT,\n  CONSTRAINT `fk_so_store` FOREIGN KEY (`store_id`) REFERENCES `ops_stores` (`id`) ON DELETE RESTRICT,\n  CONSTRAINT `fk_so_usuario` FOREIGN KEY (`usuario_id`) REFERENCES `auth_users` (`id`) ON DELETE RESTRICT,\n  CONSTRAINT `chk_so_devuelta_con_paciente` CHECK (((`paciente_id` is not null) or (`estado` <> _utf8mb4'devuelta'))),\n  CONSTRAINT `chk_so_total` CHECK ((`total` >= 0))\n) ENGINE=InnoDB DEFAULT CHARSET=utf8mb4 COLLATE=utf8mb4_0900_ai_ci
sales_return_items	CREATE TABLE `sales_return_items` (\n  `id` bigint unsigned NOT NULL AUTO_INCREMENT,\n  `return_id` bigint unsigned NOT NULL,\n  `order_item_id` bigint unsigned NOT NULL,\n  `lot_id` bigint unsigned NOT NULL,\n  `product_id` bigint unsigned NOT NULL,\n  `cantidad` int NOT NULL,\n  `condicion` enum('vendible','no_vendible') NOT NULL DEFAULT 'no_vendible',\n  PRIMARY KEY (`id`),\n  UNIQUE KEY `uq_sri_return_item` (`return_id`,`order_item_id`),\n  KEY `fk_sri_order_item` (`order_item_id`),\n  KEY `fk_sri_lot` (`lot_id`),\n  KEY `fk_sri_product` (`product_id`),\n  CONSTRAINT `fk_sri_lot` FOREIGN KEY (`lot_id`) REFERENCES `inventory_lots` (`id`) ON DELETE RESTRICT,\n  CONSTRAINT `fk_sri_order_item` FOREIGN KEY (`order_item_id`) REFERENCES `sales_order_items` (`id`) ON DELETE RESTRICT,\n  CONSTRAINT `fk_sri_product` FOREIGN KEY (`product_id`) REFERENCES `catalog_products` (`id`) ON DELETE RESTRICT,\n  CONSTRAINT `fk_sri_return` FOREIGN KEY (`return_id`) REFERENCES `sales_returns` (`id`) ON DELETE RESTRICT,\n  CONSTRAINT `chk_sri_cantidad` CHECK ((`cantidad` > 0))\n) ENGINE=InnoDB DEFAULT CHARSET=utf8mb4 COLLATE=utf8mb4_0900_ai_ci
sales_returns	CREATE TABLE `sales_returns` (\n  `id` bigint unsigned NOT NULL AUTO_INCREMENT,\n  `order_id` bigint unsigned NOT NULL,\n  `store_id` bigint unsigned NOT NULL,\n  `usuario_id` bigint unsigned NOT NULL,\n  `motivo` varchar(500) NOT NULL,\n  `monto` decimal(12,2) NOT NULL,\n  `estado_evaluacion` enum('pendiente','reingresado','descartado') NOT NULL DEFAULT 'pendiente',\n  `reembolso_estado` enum('none','pendiente','confirmado','fallido') NOT NULL DEFAULT 'none',\n  `created_at` datetime(6) NOT NULL DEFAULT CURRENT_TIMESTAMP(6),\n  PRIMARY KEY (`id`),\n  KEY `fk_sr_order` (`order_id`),\n  KEY `fk_sr_store` (`store_id`),\n  KEY `fk_sr_usuario` (`usuario_id`),\n  CONSTRAINT `fk_sr_order` FOREIGN KEY (`order_id`) REFERENCES `sales_orders` (`id`) ON DELETE RESTRICT,\n  CONSTRAINT `fk_sr_store` FOREIGN KEY (`store_id`) REFERENCES `ops_stores` (`id`) ON DELETE RESTRICT,\n  CONSTRAINT `fk_sr_usuario` FOREIGN KEY (`usuario_id`) REFERENCES `auth_users` (`id`) ON DELETE RESTRICT,\n  CONSTRAINT `chk_sr_monto` CHECK ((`monto` >= 0))\n) ENGINE=InnoDB DEFAULT CHARSET=utf8mb4 COLLATE=utf8mb4_0900_ai_ci
system_config	CREATE TABLE `system_config` (\n  `config_key` varchar(100) NOT NULL,\n  `config_value` varchar(4000) NOT NULL,\n  `value_type` enum('texto','numero','booleano','json') NOT NULL,\n  `store_id` bigint unsigned DEFAULT NULL,\n  `updated_at` datetime(6) NOT NULL DEFAULT CURRENT_TIMESTAMP(6) ON UPDATE CURRENT_TIMESTAMP(6),\n  `updated_by` bigint unsigned NOT NULL,\n  PRIMARY KEY (`config_key`),\n  KEY `fk_system_config_store` (`store_id`),\n  KEY `fk_system_config_user` (`updated_by`),\n  CONSTRAINT `fk_system_config_store` FOREIGN KEY (`store_id`) REFERENCES `ops_stores` (`id`) ON DELETE RESTRICT,\n  CONSTRAINT `fk_system_config_user` FOREIGN KEY (`updated_by`) REFERENCES `auth_users` (`id`) ON DELETE RESTRICT,\n  CONSTRAINT `chk_system_config_alcance` CHECK (((`store_id` is not null) or (not((`config_key` like _utf8mb4'store.%')))))\n) ENGINE=InnoDB DEFAULT CHARSET=utf8mb4 COLLATE=utf8mb4_0900_ai_ci
token_blacklist	CREATE TABLE `token_blacklist` (\n  `id` bigint unsigned NOT NULL AUTO_INCREMENT,\n  `token_hash` char(64) NOT NULL,\n  `expires_at` datetime(6) NOT NULL,\n  `created_at` datetime(6) NOT NULL DEFAULT CURRENT_TIMESTAMP(6),\n  PRIMARY KEY (`id`),\n  UNIQUE KEY `uq_token_blacklist_hash` (`token_hash`),\n  KEY `ix_token_blacklist_expires` (`expires_at`)\n) ENGINE=InnoDB DEFAULT CHARSET=utf8mb4 COLLATE=utf8mb4_0900_ai_ci
